<?xml version="1.0"?>
<data grt_format="2.0">
  <value _ptr_="0x55b9183b38b0" type="list" content-type="object" content-struct-name="db.mgmt.ServerInstance">
    <value type="object" struct-name="db.mgmt.ServerInstance" id="46c7e5ff-b087-11eb-b4be-3ff92e941640" struct-checksum="0x367436e2">
      <link type="object" struct-name="db.mgmt.Connection" key="connection">46c7e600-b087-11eb-b4be-3ff92e941640</link>
      <value _ptr_="0x55b9186665b0" type="dict" key="loginInfo"/>
      <value _ptr_="0x55b918665c40" type="dict" key="serverInfo">
        <value type="string" key="basedir">/usr/</value>
        <value type="string" key="datadir">/var/lib/mysql/</value>
        <value type="string" key="detected_os_name">Linux</value>
        <value type="string" key="detected_os_type">linux</value>
        <value type="string" key="detected_os_variant">Ubuntu</value>
        <value type="string" key="detected_os_version">20.04</value>
        <value type="string" key="errorLogFilePath">/var/log/mysql/error.log</value>
        <value type="string" key="generalLogFilePath">/var/lib/mysql/joker-VirtualBox.log</value>
        <value type="string" key="serverVersion">8.0.23-0ubuntu0.20.04.1</value>
        <value type="int" key="setupPending">0</value>
        <value type="string" key="slowLogFilePath">/var/lib/mysql/joker-VirtualBox-slow.log</value>
        <value type="string" key="sys.config.path"></value>
        <value type="string" key="sys.config.section">mysqld</value>
        <value type="string" key="sys.preset">Custom</value>
        <value type="string" key="sys.sudo"></value>
        <value type="string" key="sys.system">Linux</value>
        <value type="int" key="sys.usesudo">0</value>
        <value type="int" key="sys.usesudostatus">0</value>
      </value>
      <value type="string" key="name">Local 3306</value>
    </value>
  </value>
</data>
